--
-- The Archetype is configured with "hibernate.hbm2ddl.auto" value="create-drop" in "persistence-mycompany.xml".
--
-- This will cause hibernate to populate the database when the application is started by processing the files that
-- were configured in the hibernate.hbm2ddl.import_files property.
--
-- This file is responsible for loading the the catalog data used in the Archetype.
--
-- Create BLC ROLES (These roles are required for the admin)
--

-- Sample Categories
INSERT INTO BLC_CATEGORY (CATEGORY_ID,DESCRIPTION,DISPLAY_TEMPLATE,LONG_DESCRIPTION,NAME,URL,URL_KEY,DEFAULT_PARENT_CATEGORY_ID,ACTIVE_END_DATE,ACTIVE_START_DATE) VALUES (1,'Root',NULL,NULL,'Root',NULL,'/',NULL,NULL,CURRENT_TIMESTAMP);
INSERT INTO BLC_CATEGORY (CATEGORY_ID,DESCRIPTION,DISPLAY_TEMPLATE,LONG_DESCRIPTION,NAME,URL,URL_KEY,DEFAULT_PARENT_CATEGORY_ID,ACTIVE_END_DATE,ACTIVE_START_DATE) VALUES (2, 'Store',NULL,NULL,'Store',NULL,'store',1,NULL,CURRENT_TIMESTAMP);

INSERT INTO BLC_CATEGORY (CATEGORY_ID,DESCRIPTION,DISPLAY_TEMPLATE,LONG_DESCRIPTION,NAME,URL,URL_KEY,DEFAULT_PARENT_CATEGORY_ID,ACTIVE_END_DATE,ACTIVE_START_DATE) VALUES (2001,'Category',NULL,NULL,'Category',NULL,'category',2,NULL,CURRENT_TIMESTAMP);
INSERT INTO BLC_CATEGORY (CATEGORY_ID,DESCRIPTION,DISPLAY_TEMPLATE,LONG_DESCRIPTION,NAME,URL,URL_KEY,DEFAULT_PARENT_CATEGORY_ID,ACTIVE_END_DATE,ACTIVE_START_DATE) VALUES (2002,'Category 2',NULL,NULL,'Category 2',NULL,'category2',2,NULL,CURRENT_TIMESTAMP);

-- Populate category tree
INSERT INTO BLC_CATEGORY_XREF (SUB_CATEGORY_ID, CATEGORY_ID, DISPLAY_ORDER) VALUES (2,1,1)
INSERT INTO BLC_CATEGORY_XREF (SUB_CATEGORY_ID, CATEGORY_ID, DISPLAY_ORDER) VALUES (2001,2,1);
INSERT INTO BLC_CATEGORY_XREF (SUB_CATEGORY_ID, CATEGORY_ID, DISPLAY_ORDER) VALUES (2002,2,2);

-- Sample Products
INSERT INTO BLC_PRODUCT (PRODUCT_ID,DEFAULT_CATEGORY_ID,NAME,LONG_DESCRIPTION,IS_FEATURED_PRODUCT,IS_MACHINE_SORTABLE,WIDTH,HEIGHT,DEPTH,MANUFACTURE,MODEL,WEIGHT,ACTIVE_END_DATE,ACTIVE_START_DATE) VALUES (1,2001,'Item 1',NULL,FALSE,TRUE,NULL,NULL,NULL,'MyCompany',NULL,NULL,NULL,CURRENT_TIMESTAMP);
INSERT INTO BLC_PRODUCT (PRODUCT_ID,DEFAULT_CATEGORY_ID,NAME,LONG_DESCRIPTION,IS_FEATURED_PRODUCT,IS_MACHINE_SORTABLE,WIDTH,HEIGHT,DEPTH,MANUFACTURE,MODEL,WEIGHT,ACTIVE_END_DATE,ACTIVE_START_DATE) VALUES (2,2001,'Item 2',NULL,TRUE,TRUE,NULL,NULL,NULL,'OtherCompany',NULL,NULL,NULL,CURRENT_TIMESTAMP);
INSERT INTO BLC_PRODUCT (PRODUCT_ID,DEFAULT_CATEGORY_ID,NAME,LONG_DESCRIPTION,IS_FEATURED_PRODUCT,IS_MACHINE_SORTABLE,WIDTH,HEIGHT,DEPTH,MANUFACTURE,MODEL,WEIGHT,ACTIVE_END_DATE,ACTIVE_START_DATE) VALUES (3,2002,'Item 3',NULL,FALSE,TRUE,NULL,NULL,NULL,'MyCompany',NULL,NULL,NULL,CURRENT_TIMESTAMP);
INSERT INTO BLC_PRODUCT (PRODUCT_ID,DEFAULT_CATEGORY_ID,NAME,LONG_DESCRIPTION,IS_FEATURED_PRODUCT,IS_MACHINE_SORTABLE,WIDTH,HEIGHT,DEPTH,MANUFACTURE,MODEL,WEIGHT,ACTIVE_END_DATE,ACTIVE_START_DATE) VALUES (4,2002,'Item 4',NULL,TRUE,TRUE,NULL,NULL,NULL,'OtherCompany',NULL,NULL,NULL,CURRENT_TIMESTAMP);

-- Sample products are linked to the Category referenced in the 'Sample Products' table
INSERT INTO BLC_CATEGORY_PRODUCT_XREF (DISPLAY_ORDER, PRODUCT_ID, CATEGORY_ID) VALUES (1,1,2001);
INSERT INTO BLC_CATEGORY_PRODUCT_XREF (DISPLAY_ORDER, PRODUCT_ID, CATEGORY_ID) VALUES (2,2,2001);
INSERT INTO BLC_CATEGORY_PRODUCT_XREF (DISPLAY_ORDER, PRODUCT_ID, CATEGORY_ID) VALUES (3,3,2002);
INSERT INTO BLC_CATEGORY_PRODUCT_XREF (DISPLAY_ORDER, PRODUCT_ID, CATEGORY_ID) VALUES (4,4,2002);


-- Sample Skus
INSERT INTO BLC_SKU (SKU_ID,NAME,DESCRIPTION,RETAIL_PRICE,SALE_PRICE,TAXABLE_FLAG,DISCOUNTABLE_FLAG,ACTIVE_END_DATE,ACTIVE_START_DATE) VALUES (1,'Item 1',NULL,19.99,19.99,'Y','Y',NULL,CURRENT_TIMESTAMP);
INSERT INTO BLC_SKU (SKU_ID,NAME,DESCRIPTION,RETAIL_PRICE,SALE_PRICE,TAXABLE_FLAG,DISCOUNTABLE_FLAG,ACTIVE_END_DATE,ACTIVE_START_DATE) VALUES (2,'Item 2',NULL,15.99,15.99,'Y','Y',NULL,CURRENT_TIMESTAMP);
INSERT INTO BLC_SKU (SKU_ID,NAME,DESCRIPTION,RETAIL_PRICE,SALE_PRICE,TAXABLE_FLAG,DISCOUNTABLE_FLAG,ACTIVE_END_DATE,ACTIVE_START_DATE) VALUES (3,'Item 3',NULL,9.99,9.99,'Y','Y',NULL,CURRENT_TIMESTAMP);
INSERT INTO BLC_SKU (SKU_ID,NAME,DESCRIPTION,RETAIL_PRICE,SALE_PRICE,TAXABLE_FLAG,DISCOUNTABLE_FLAG,ACTIVE_END_DATE,ACTIVE_START_DATE) VALUES (4,'Item 4',NULL,5.99,5.99,'Y','Y',NULL,CURRENT_TIMESTAMP);


-- Simple product / sku mapping (1 to 1)
INSERT INTO BLC_PRODUCT_SKU (PRODUCT_ID, SKU_ID) VALUES (1,1)
INSERT INTO BLC_PRODUCT_SKU (PRODUCT_ID, SKU_ID) VALUES (2,2)
INSERT INTO BLC_PRODUCT_SKU (PRODUCT_ID, SKU_ID) VALUES (3,3)
INSERT INTO BLC_PRODUCT_SKU (PRODUCT_ID, SKU_ID) VALUES (4,4)

-- A custom extension of the sku for mycompany - this is meant to demonstrate a BLC extension
-- that your organization needs.
INSERT INTO PRODUCT_SKU_MYCOMPANY (PRODUCT_ID) VALUES (1)
INSERT INTO PRODUCT_SKU_MYCOMPANY (PRODUCT_ID) VALUES (2)
INSERT INTO PRODUCT_SKU_MYCOMPANY (PRODUCT_ID) VALUES (3)
INSERT INTO PRODUCT_SKU_MYCOMPANY (PRODUCT_ID) VALUES (4)

-- Mapping from product to sku
INSERT INTO BLC_PRODUCT_SKU_XREF VALUES(1,1);
INSERT INTO BLC_PRODUCT_SKU_XREF VALUES(2,2);
INSERT INTO BLC_PRODUCT_SKU_XREF VALUES(3,3);
INSERT INTO BLC_PRODUCT_SKU_XREF VALUES(4,4);