--
-- The Archetype is configured with "hibernate.hbm2ddl.auto" value="create-drop" in "persistence.xml".
--
-- This will cause hibernate to populate the database when the application is started by processing the files that
-- were configured in the hibernate.hbm2ddl.import_files property.
--
-- This file is responsible for loading  out-of-box miscellaneous tables
--

-- ???? to do / document me (believe this is for securing pages through the site web.app
INSERT INTO BLC_ROLE (ROLE_ID, ROLE_NAME) VALUES (1,'ROLE_USER');

-- ???? to do / document me
INSERT INTO BLC_ID_GENERATION (ID_TYPE, BATCH_SIZE, BATCH_START, VERSION) VALUES ('org.broadleafcommerce.profile.core.domain.Customer',100,100,1);

-- Sample challenge questions
INSERT INTO BLC_CHALLENGE_QUESTION (QUESTION_ID, QUESTION) VALUES (1,'What is your favorite sports team?');
INSERT INTO BLC_CHALLENGE_QUESTION (QUESTION_ID, QUESTION) VALUES (2,'What was your high school name?');
INSERT INTO BLC_CHALLENGE_QUESTION (QUESTION_ID, QUESTION) VALUES (3,'What was your childhood nickname?'); 
INSERT INTO BLC_CHALLENGE_QUESTION (QUESTION_ID, QUESTION) VALUES (4,'What street did you live on in third grade?');
INSERT INTO BLC_CHALLENGE_QUESTION (QUESTION_ID, QUESTION) VALUES (5,'What is your oldest sibling''s middle name?');
INSERT INTO BLC_CHALLENGE_QUESTION (QUESTION_ID, QUESTION) VALUES (6,'What school did you attend for sixth grade?');
INSERT INTO BLC_CHALLENGE_QUESTION (QUESTION_ID, QUESTION) VALUES (7,'Where does your nearest sibling live?');
INSERT INTO BLC_CHALLENGE_QUESTION (QUESTION_ID, QUESTION) VALUES (8,'What is your youngest brother''s birthday?');
INSERT INTO BLC_CHALLENGE_QUESTION (QUESTION_ID, QUESTION) VALUES (9,'In what city or town was your first job?');

INSERT INTO BLC_COUNTRY VALUES ('US','United States');
INSERT INTO BLC_COUNTRY VALUES ('CA','Canada');
INSERT INTO BLC_COUNTRY VALUES ('MX','Mexico');

-- USA States
INSERT INTO BLC_STATE (NAME, ABBREVIATION, COUNTRY) VALUES ('ALABAMA','AL','US');
INSERT INTO BLC_STATE (NAME, ABBREVIATION, COUNTRY) VALUES ('ALASKA','AK','US');
INSERT INTO BLC_STATE (NAME, ABBREVIATION, COUNTRY) VALUES ('AMERICAN SAMOA','AS','US');
INSERT INTO BLC_STATE (NAME, ABBREVIATION, COUNTRY) VALUES ('ARIZONA','AZ','US');
INSERT INTO BLC_STATE (NAME, ABBREVIATION, COUNTRY) VALUES ('ARKANSAS','AR','US');
INSERT INTO BLC_STATE (NAME, ABBREVIATION, COUNTRY) VALUES ('CALIFORNIA','CA','US');
INSERT INTO BLC_STATE (NAME, ABBREVIATION, COUNTRY) VALUES ('COLORADO','CO','US');
INSERT INTO BLC_STATE (NAME, ABBREVIATION, COUNTRY) VALUES ('CONNECTICUT','CT','US');
INSERT INTO BLC_STATE (NAME, ABBREVIATION, COUNTRY) VALUES ('DELAWARE','DE','US');
INSERT INTO BLC_STATE (NAME, ABBREVIATION, COUNTRY) VALUES ('DISTRICT OF COLUMBIA','DC','US');
INSERT INTO BLC_STATE (NAME, ABBREVIATION, COUNTRY) VALUES ('FEDERATED STATES OF MICRONESIA','FM','US');
INSERT INTO BLC_STATE (NAME, ABBREVIATION, COUNTRY) VALUES ('FLORIDA','FL','US');
INSERT INTO BLC_STATE (NAME, ABBREVIATION, COUNTRY) VALUES ('GEORGIA','GA','US');
INSERT INTO BLC_STATE (NAME, ABBREVIATION, COUNTRY) VALUES ('GUAM','GU','US');
INSERT INTO BLC_STATE (NAME, ABBREVIATION, COUNTRY) VALUES ('HAWAII','HI','US');
INSERT INTO BLC_STATE (NAME, ABBREVIATION, COUNTRY) VALUES ('IDAHO','ID','US');
INSERT INTO BLC_STATE (NAME, ABBREVIATION, COUNTRY) VALUES ('ILLINOIS','IL','US');
INSERT INTO BLC_STATE (NAME, ABBREVIATION, COUNTRY) VALUES ('INDIANA','IN','US');
INSERT INTO BLC_STATE (NAME, ABBREVIATION, COUNTRY) VALUES ('IOWA','IA','US');
INSERT INTO BLC_STATE (NAME, ABBREVIATION, COUNTRY) VALUES ('KANSAS','KS','US');
INSERT INTO BLC_STATE (NAME, ABBREVIATION, COUNTRY) VALUES ('KENTUCKY','KY','US');
INSERT INTO BLC_STATE (NAME, ABBREVIATION, COUNTRY) VALUES ('LOUISIANA','LA','US');
INSERT INTO BLC_STATE (NAME, ABBREVIATION, COUNTRY) VALUES ('MAINE','ME','US');
INSERT INTO BLC_STATE (NAME, ABBREVIATION, COUNTRY) VALUES ('MARSHALL ISLANDS','MH','US');
INSERT INTO BLC_STATE (NAME, ABBREVIATION, COUNTRY) VALUES ('MARYLAND','MD','US');
INSERT INTO BLC_STATE (NAME, ABBREVIATION, COUNTRY) VALUES ('MASSACHUSETTS','MA','US');
INSERT INTO BLC_STATE (NAME, ABBREVIATION, COUNTRY) VALUES ('MICHIGAN','MI','US');
INSERT INTO BLC_STATE (NAME, ABBREVIATION, COUNTRY) VALUES ('MINNESOTA','MN','US');
INSERT INTO BLC_STATE (NAME, ABBREVIATION, COUNTRY) VALUES ('MISSISSIPPI','MS','US');
INSERT INTO BLC_STATE (NAME, ABBREVIATION, COUNTRY) VALUES ('MISSOURI','MO','US');
INSERT INTO BLC_STATE (NAME, ABBREVIATION, COUNTRY) VALUES ('MONTANA','MT','US');
INSERT INTO BLC_STATE (NAME, ABBREVIATION, COUNTRY) VALUES ('NEBRASKA','NE','US');
INSERT INTO BLC_STATE (NAME, ABBREVIATION, COUNTRY) VALUES ('NEVADA','NV','US');
INSERT INTO BLC_STATE (NAME, ABBREVIATION, COUNTRY) VALUES ('NEW HAMPSHIRE','NH','US');
INSERT INTO BLC_STATE (NAME, ABBREVIATION, COUNTRY) VALUES ('NEW JERSEY','NJ','US');
INSERT INTO BLC_STATE (NAME, ABBREVIATION, COUNTRY) VALUES ('NEW MEXICO','NM','US');
INSERT INTO BLC_STATE (NAME, ABBREVIATION, COUNTRY) VALUES ('NEW YORK','NY','US');
INSERT INTO BLC_STATE (NAME, ABBREVIATION, COUNTRY) VALUES ('NORTH CAROLINA','NC','US');
INSERT INTO BLC_STATE (NAME, ABBREVIATION, COUNTRY) VALUES ('NORTH DAKOTA','ND','US');
INSERT INTO BLC_STATE (NAME, ABBREVIATION, COUNTRY) VALUES ('NORTHERN MARIANA ISLANDS','MP','US');
INSERT INTO BLC_STATE (NAME, ABBREVIATION, COUNTRY) VALUES ('OHIO','OH','US');
INSERT INTO BLC_STATE (NAME, ABBREVIATION, COUNTRY) VALUES ('OKLAHOMA','OK','US');
INSERT INTO BLC_STATE (NAME, ABBREVIATION, COUNTRY) VALUES ('OREGON','OR','US');
INSERT INTO BLC_STATE (NAME, ABBREVIATION, COUNTRY) VALUES ('PALAU','PW','US');
INSERT INTO BLC_STATE (NAME, ABBREVIATION, COUNTRY) VALUES ('PENNSYLVANIA','PA','US');
INSERT INTO BLC_STATE (NAME, ABBREVIATION, COUNTRY) VALUES ('PUERTO RICO','PR','US');
INSERT INTO BLC_STATE (NAME, ABBREVIATION, COUNTRY) VALUES ('RHODE ISLAND','RI','US');
INSERT INTO BLC_STATE (NAME, ABBREVIATION, COUNTRY) VALUES ('SOUTH CAROLINA','SC','US');
INSERT INTO BLC_STATE (NAME, ABBREVIATION, COUNTRY) VALUES ('SOUTH DAKOTA','SD','US');
INSERT INTO BLC_STATE (NAME, ABBREVIATION, COUNTRY) VALUES ('TENNESSEE','TN','US');
INSERT INTO BLC_STATE (NAME, ABBREVIATION, COUNTRY) VALUES ('TEXAS','TX','US');
INSERT INTO BLC_STATE (NAME, ABBREVIATION, COUNTRY) VALUES ('UTAH','UT','US');
INSERT INTO BLC_STATE (NAME, ABBREVIATION, COUNTRY) VALUES ('VERMONT','VT','US');
INSERT INTO BLC_STATE (NAME, ABBREVIATION, COUNTRY) VALUES ('VIRGIN ISLANDS','VI','US');
INSERT INTO BLC_STATE (NAME, ABBREVIATION, COUNTRY) VALUES ('VIRGINIA','VA','US');
INSERT INTO BLC_STATE (NAME, ABBREVIATION, COUNTRY) VALUES ('WASHINGTON','WA','US');
INSERT INTO BLC_STATE (NAME, ABBREVIATION, COUNTRY) VALUES ('WEST VIRGINIA','WV','US');
INSERT INTO BLC_STATE (NAME, ABBREVIATION, COUNTRY) VALUES ('WISCONSIN','WI','US');
INSERT INTO BLC_STATE (NAME, ABBREVIATION, COUNTRY) VALUES ('WYOMING','WY','US');

-- US territories
INSERT INTO BLC_STATE (NAME, ABBREVIATION, COUNTRY) VALUES ('ARMED FORCES AMERICA','AA','US');
INSERT INTO BLC_STATE (NAME, ABBREVIATION, COUNTRY) VALUES ('ARMED FORCES','AE','US');
INSERT INTO BLC_STATE (NAME, ABBREVIATION, COUNTRY) VALUES ('ARMED FORCES PACIFIC','AP','US');

-- Canada Provinces
INSERT INTO BLC_STATE (NAME, ABBREVIATION, COUNTRY) VALUES ('ALBERTA','AB','CA');
INSERT INTO BLC_STATE (NAME, ABBREVIATION, COUNTRY) VALUES ('BRITISH COLUMBIA','BC','CA');
INSERT INTO BLC_STATE (NAME, ABBREVIATION, COUNTRY) VALUES ('MANITOBA','MB','CA');
INSERT INTO BLC_STATE (NAME, ABBREVIATION, COUNTRY) VALUES ('NEW BRUNSWICK','NB','CA');
INSERT INTO BLC_STATE (NAME, ABBREVIATION, COUNTRY) VALUES ('NEWFOUNDLAND','NL','CA');
INSERT INTO BLC_STATE (NAME, ABBREVIATION, COUNTRY) VALUES ('NORTHWEST TERRITORIES','NT','CA');
INSERT INTO BLC_STATE (NAME, ABBREVIATION, COUNTRY) VALUES ('NOVA SCOTIA','NS','CA');
INSERT INTO BLC_STATE (NAME, ABBREVIATION, COUNTRY) VALUES ('NUNAVUT','NU','CA');
INSERT INTO BLC_STATE (NAME, ABBREVIATION, COUNTRY) VALUES ('ONTARIO','ON','CA');
INSERT INTO BLC_STATE (NAME, ABBREVIATION, COUNTRY) VALUES ('PRINCE EDWARD ISLAND','PE','CA');
INSERT INTO BLC_STATE (NAME, ABBREVIATION, COUNTRY) VALUES ('QUEBEC','QC','CA');
INSERT INTO BLC_STATE (NAME, ABBREVIATION, COUNTRY) VALUES ('SASKATCHEWAN','SK','CA');
INSERT INTO BLC_STATE (NAME, ABBREVIATION, COUNTRY) VALUES ('YUKON','YT','CA');
