--
-- The Archetype is configured with "hibernate.hbm2ddl.auto" value="create-drop" in "persistence.xml".
--
-- This will cause hibernate to populate the database when the application is started by processing the files that
-- were configured in the hibernate.hbm2ddl.import_files property.
--
-- This file is responsible for loading  out-of-box miscellaneous tables
--

-- ???? to do / document me (believe this is for securing pages through the site web.app
INSERT INTO BLC_ROLE (ROLE_ID, ROLE_NAME) VALUES (1,'ROLE_USER');

-- ???? to do / document me
INSERT INTO BLC_ID_GENERATION (ID_TYPE, BATCH_SIZE, BATCH_START, VERSION) VALUES ('org.broadleafcommerce.profile.core.domain.Customer',100,100,1);

-- Sample challenge questions
INSERT INTO BLC_CHALLENGE_QUESTION (QUESTION_ID, QUESTION) VALUES (1,'What is your favorite sports team?');
INSERT INTO BLC_CHALLENGE_QUESTION (QUESTION_ID, QUESTION) VALUES (2,'What was your high school name?');
INSERT INTO BLC_CHALLENGE_QUESTION (QUESTION_ID, QUESTION) VALUES (3,'What was your childhood nickname?'); 
INSERT INTO BLC_CHALLENGE_QUESTION (QUESTION_ID, QUESTION) VALUES (4,'What street did you live on in third grade?');
INSERT INTO BLC_CHALLENGE_QUESTION (QUESTION_ID, QUESTION) VALUES (5,'What is your oldest sibling''s middle name?');
INSERT INTO BLC_CHALLENGE_QUESTION (QUESTION_ID, QUESTION) VALUES (6,'What school did you attend for sixth grade?');
INSERT INTO BLC_CHALLENGE_QUESTION (QUESTION_ID, QUESTION) VALUES (7,'Where does your nearest sibling live?');
INSERT INTO BLC_CHALLENGE_QUESTION (QUESTION_ID, QUESTION) VALUES (8,'What is your youngest brother''s birthday?');
INSERT INTO BLC_CHALLENGE_QUESTION (QUESTION_ID, QUESTION) VALUES (9,'In what city or town was your first job?');

-- ISO-3166-1 
INSERT INTO BLC_COUNTRY VALUES ('AF','Afghanistan');
INSERT INTO BLC_COUNTRY VALUES ('AX','Åland Islands');
INSERT INTO BLC_COUNTRY VALUES ('AL','Albania');
INSERT INTO BLC_COUNTRY VALUES ('DZ','Algeria');
INSERT INTO BLC_COUNTRY VALUES ('AS','American Samoa');
INSERT INTO BLC_COUNTRY VALUES ('AD','Andorra');
INSERT INTO BLC_COUNTRY VALUES ('AO','Angola');
INSERT INTO BLC_COUNTRY VALUES ('AI','Anguilla');
INSERT INTO BLC_COUNTRY VALUES ('AQ','Antarctica');
INSERT INTO BLC_COUNTRY VALUES ('AG','Antigua and Barbuda');
INSERT INTO BLC_COUNTRY VALUES ('AR','Argentina');
INSERT INTO BLC_COUNTRY VALUES ('AM','Armenia');
INSERT INTO BLC_COUNTRY VALUES ('AW','Aruba');
INSERT INTO BLC_COUNTRY VALUES ('AU','Australia');
INSERT INTO BLC_COUNTRY VALUES ('AT','Austria');
INSERT INTO BLC_COUNTRY VALUES ('AZ','Azerbaijan');
INSERT INTO BLC_COUNTRY VALUES ('BS','Bahamas');
INSERT INTO BLC_COUNTRY VALUES ('BH','Bahrain');
INSERT INTO BLC_COUNTRY VALUES ('BD','Bangladesh');
INSERT INTO BLC_COUNTRY VALUES ('BB','Barbados');
INSERT INTO BLC_COUNTRY VALUES ('BY','Belarus');
INSERT INTO BLC_COUNTRY VALUES ('BE','Belgium');
INSERT INTO BLC_COUNTRY VALUES ('BZ','Belize');
INSERT INTO BLC_COUNTRY VALUES ('BJ','Benin');
INSERT INTO BLC_COUNTRY VALUES ('BM','Bermuda');
INSERT INTO BLC_COUNTRY VALUES ('BT','Bhutan');
INSERT INTO BLC_COUNTRY VALUES ('BO','Bolivia');
INSERT INTO BLC_COUNTRY VALUES ('BQ','Bonaire');
INSERT INTO BLC_COUNTRY VALUES ('BA','Bosnia and Herzegovina');
INSERT INTO BLC_COUNTRY VALUES ('BW','Botswana');
INSERT INTO BLC_COUNTRY VALUES ('BV','Bouvet Island (Bouvetoya)');
INSERT INTO BLC_COUNTRY VALUES ('BR','Brazil');
INSERT INTO BLC_COUNTRY VALUES ('IO','British Indian Ocean Territory (Chagos Archipelago)');
INSERT INTO BLC_COUNTRY VALUES ('VG','British Virgin Islands');
INSERT INTO BLC_COUNTRY VALUES ('BN','Brunei Darussalam');
INSERT INTO BLC_COUNTRY VALUES ('BG','Bulgaria');
INSERT INTO BLC_COUNTRY VALUES ('BF','Burkina Faso');
INSERT INTO BLC_COUNTRY VALUES ('BI','Burundi');
INSERT INTO BLC_COUNTRY VALUES ('KH','Cambodia');
INSERT INTO BLC_COUNTRY VALUES ('CM','Cameroon');
INSERT INTO BLC_COUNTRY VALUES ('CA','Canada');
INSERT INTO BLC_COUNTRY VALUES ('CV','Cabo Verde');
INSERT INTO BLC_COUNTRY VALUES ('KY','Cayman Islands');
INSERT INTO BLC_COUNTRY VALUES ('CF','Central African Republic');
INSERT INTO BLC_COUNTRY VALUES ('TD','Chad');
INSERT INTO BLC_COUNTRY VALUES ('CL','Chile');
INSERT INTO BLC_COUNTRY VALUES ('CN','China');
INSERT INTO BLC_COUNTRY VALUES ('CX','Christmas Island');
INSERT INTO BLC_COUNTRY VALUES ('CC','Cocos (Keeling) Islands');
INSERT INTO BLC_COUNTRY VALUES ('CO','Colombia');
INSERT INTO BLC_COUNTRY VALUES ('KM','Comoros');
INSERT INTO BLC_COUNTRY VALUES ('CD','Congo');
INSERT INTO BLC_COUNTRY VALUES ('CG','Congo');
INSERT INTO BLC_COUNTRY VALUES ('CK','Cook Islands');
INSERT INTO BLC_COUNTRY VALUES ('CR','Costa Rica');
INSERT INTO BLC_COUNTRY VALUES ('CI','Cote d\'Ivoire');
INSERT INTO BLC_COUNTRY VALUES ('HR','Croatia');
INSERT INTO BLC_COUNTRY VALUES ('CU','Cuba');
INSERT INTO BLC_COUNTRY VALUES ('CW','Curaçao');
INSERT INTO BLC_COUNTRY VALUES ('CY','Cyprus');
INSERT INTO BLC_COUNTRY VALUES ('CZ','Czech Republic');
INSERT INTO BLC_COUNTRY VALUES ('DK','Denmark');
INSERT INTO BLC_COUNTRY VALUES ('DJ','Djibouti');
INSERT INTO BLC_COUNTRY VALUES ('DM','Dominica');
INSERT INTO BLC_COUNTRY VALUES ('DO','Dominican Republic');
INSERT INTO BLC_COUNTRY VALUES ('EC','Ecuador');
INSERT INTO BLC_COUNTRY VALUES ('EG','Egypt');
INSERT INTO BLC_COUNTRY VALUES ('SV','El Salvador');
INSERT INTO BLC_COUNTRY VALUES ('GQ','Equatorial Guinea');
INSERT INTO BLC_COUNTRY VALUES ('ER','Eritrea');
INSERT INTO BLC_COUNTRY VALUES ('EE','Estonia');
INSERT INTO BLC_COUNTRY VALUES ('ET','Ethiopia');
INSERT INTO BLC_COUNTRY VALUES ('FO','Faroe Islands');
INSERT INTO BLC_COUNTRY VALUES ('FK','Falkland Islands (Malvinas)');
INSERT INTO BLC_COUNTRY VALUES ('FJ','Fiji');
INSERT INTO BLC_COUNTRY VALUES ('FI','Finland');
INSERT INTO BLC_COUNTRY VALUES ('FR','France');
INSERT INTO BLC_COUNTRY VALUES ('GF','French Guiana');
INSERT INTO BLC_COUNTRY VALUES ('PF','French Polynesia');
INSERT INTO BLC_COUNTRY VALUES ('TF','French Southern Territories');
INSERT INTO BLC_COUNTRY VALUES ('GA','Gabon');
INSERT INTO BLC_COUNTRY VALUES ('GM','Gambia');
INSERT INTO BLC_COUNTRY VALUES ('GE','Georgia');
INSERT INTO BLC_COUNTRY VALUES ('DE','Germany');
INSERT INTO BLC_COUNTRY VALUES ('GH','Ghana');
INSERT INTO BLC_COUNTRY VALUES ('GI','Gibraltar');
INSERT INTO BLC_COUNTRY VALUES ('GR','Greece');
INSERT INTO BLC_COUNTRY VALUES ('GL','Greenland');
INSERT INTO BLC_COUNTRY VALUES ('GD','Grenada');
INSERT INTO BLC_COUNTRY VALUES ('GP','Guadeloupe');
INSERT INTO BLC_COUNTRY VALUES ('GU','Guam');
INSERT INTO BLC_COUNTRY VALUES ('GT','Guatemala');
INSERT INTO BLC_COUNTRY VALUES ('GG','Guernsey');
INSERT INTO BLC_COUNTRY VALUES ('GN','Guinea');
INSERT INTO BLC_COUNTRY VALUES ('GW','Guinea-Bissau');
INSERT INTO BLC_COUNTRY VALUES ('GY','Guyana');
INSERT INTO BLC_COUNTRY VALUES ('HT','Haiti');
INSERT INTO BLC_COUNTRY VALUES ('HM','Heard Island and McDonald Islands');
INSERT INTO BLC_COUNTRY VALUES ('VA','Holy See (Vatican City State)');
INSERT INTO BLC_COUNTRY VALUES ('HN','Honduras');
INSERT INTO BLC_COUNTRY VALUES ('HK','Hong Kong');
INSERT INTO BLC_COUNTRY VALUES ('HU','Hungary');
INSERT INTO BLC_COUNTRY VALUES ('IS','Iceland');
INSERT INTO BLC_COUNTRY VALUES ('IN','India');
INSERT INTO BLC_COUNTRY VALUES ('ID','Indonesia');
INSERT INTO BLC_COUNTRY VALUES ('IR','Iran');
INSERT INTO BLC_COUNTRY VALUES ('IQ','Iraq');
INSERT INTO BLC_COUNTRY VALUES ('IE','Ireland');
INSERT INTO BLC_COUNTRY VALUES ('IM','Isle of Man');
INSERT INTO BLC_COUNTRY VALUES ('IL','Israel');
INSERT INTO BLC_COUNTRY VALUES ('IT','Italy');
INSERT INTO BLC_COUNTRY VALUES ('JM','Jamaica');
INSERT INTO BLC_COUNTRY VALUES ('JP','Japan');
INSERT INTO BLC_COUNTRY VALUES ('JE','Jersey');
INSERT INTO BLC_COUNTRY VALUES ('JO','Jordan');
INSERT INTO BLC_COUNTRY VALUES ('KZ','Kazakhstan');
INSERT INTO BLC_COUNTRY VALUES ('KE','Kenya');
INSERT INTO BLC_COUNTRY VALUES ('KI','Kiribati');
INSERT INTO BLC_COUNTRY VALUES ('KP','North Korea');
INSERT INTO BLC_COUNTRY VALUES ('KR','South Korea');
INSERT INTO BLC_COUNTRY VALUES ('KW','Kuwait');
INSERT INTO BLC_COUNTRY VALUES ('KG','Kyrgyz Republic');
INSERT INTO BLC_COUNTRY VALUES ('LA','Lao People\'s Democratic Republic');
INSERT INTO BLC_COUNTRY VALUES ('LV','Latvia');
INSERT INTO BLC_COUNTRY VALUES ('LB','Lebanon');
INSERT INTO BLC_COUNTRY VALUES ('LS','Lesotho');
INSERT INTO BLC_COUNTRY VALUES ('LR','Liberia');
INSERT INTO BLC_COUNTRY VALUES ('LY','Libya');
INSERT INTO BLC_COUNTRY VALUES ('LI','Liechtenstein');
INSERT INTO BLC_COUNTRY VALUES ('LT','Lithuania');
INSERT INTO BLC_COUNTRY VALUES ('LU','Luxembourg');
INSERT INTO BLC_COUNTRY VALUES ('MO','Macao');
INSERT INTO BLC_COUNTRY VALUES ('MK','Macedonia');
INSERT INTO BLC_COUNTRY VALUES ('MG','Madagascar');
INSERT INTO BLC_COUNTRY VALUES ('MW','Malawi');
INSERT INTO BLC_COUNTRY VALUES ('MY','Malaysia');
INSERT INTO BLC_COUNTRY VALUES ('MV','Maldives');
INSERT INTO BLC_COUNTRY VALUES ('ML','Mali');
INSERT INTO BLC_COUNTRY VALUES ('MT','Malta');
INSERT INTO BLC_COUNTRY VALUES ('MH','Marshall Islands');
INSERT INTO BLC_COUNTRY VALUES ('MQ','Martinique');
INSERT INTO BLC_COUNTRY VALUES ('MR','Mauritania');
INSERT INTO BLC_COUNTRY VALUES ('MU','Mauritius');
INSERT INTO BLC_COUNTRY VALUES ('YT','Mayotte');
INSERT INTO BLC_COUNTRY VALUES ('MX','Mexico');
INSERT INTO BLC_COUNTRY VALUES ('FM','Micronesia');
INSERT INTO BLC_COUNTRY VALUES ('MD','Moldova');
INSERT INTO BLC_COUNTRY VALUES ('MC','Monaco');
INSERT INTO BLC_COUNTRY VALUES ('MN','Mongolia');
INSERT INTO BLC_COUNTRY VALUES ('ME','Montenegro');
INSERT INTO BLC_COUNTRY VALUES ('MS','Montserrat');
INSERT INTO BLC_COUNTRY VALUES ('MA','Morocco');
INSERT INTO BLC_COUNTRY VALUES ('MZ','Mozambique');
INSERT INTO BLC_COUNTRY VALUES ('MM','Myanmar');
INSERT INTO BLC_COUNTRY VALUES ('NA','Namibia');
INSERT INTO BLC_COUNTRY VALUES ('NR','Nauru');
INSERT INTO BLC_COUNTRY VALUES ('NP','Nepal');
INSERT INTO BLC_COUNTRY VALUES ('NL','Netherlands');
INSERT INTO BLC_COUNTRY VALUES ('NC','New Caledonia');
INSERT INTO BLC_COUNTRY VALUES ('NZ','New Zealand');
INSERT INTO BLC_COUNTRY VALUES ('NI','Nicaragua');
INSERT INTO BLC_COUNTRY VALUES ('NE','Niger');
INSERT INTO BLC_COUNTRY VALUES ('NG','Nigeria');
INSERT INTO BLC_COUNTRY VALUES ('NU','Niue');
INSERT INTO BLC_COUNTRY VALUES ('NF','Norfolk Island');
INSERT INTO BLC_COUNTRY VALUES ('MP','Northern Mariana Islands');
INSERT INTO BLC_COUNTRY VALUES ('NO','Norway');
INSERT INTO BLC_COUNTRY VALUES ('OM','Oman');
INSERT INTO BLC_COUNTRY VALUES ('PK','Pakistan');
INSERT INTO BLC_COUNTRY VALUES ('PW','Palau');
INSERT INTO BLC_COUNTRY VALUES ('PS','Palestine');
INSERT INTO BLC_COUNTRY VALUES ('PA','Panama');
INSERT INTO BLC_COUNTRY VALUES ('PG','Papua New Guinea');
INSERT INTO BLC_COUNTRY VALUES ('PY','Paraguay');
INSERT INTO BLC_COUNTRY VALUES ('PE','Peru');
INSERT INTO BLC_COUNTRY VALUES ('PH','Philippines');
INSERT INTO BLC_COUNTRY VALUES ('PN','Pitcairn Islands');
INSERT INTO BLC_COUNTRY VALUES ('PL','Poland');
INSERT INTO BLC_COUNTRY VALUES ('PT','Portugal');
INSERT INTO BLC_COUNTRY VALUES ('PR','Puerto Rico');
INSERT INTO BLC_COUNTRY VALUES ('QA','Qatar');
INSERT INTO BLC_COUNTRY VALUES ('RE','Réunion');
INSERT INTO BLC_COUNTRY VALUES ('RO','Romania');
INSERT INTO BLC_COUNTRY VALUES ('RU','Russian Federation');
INSERT INTO BLC_COUNTRY VALUES ('RW','Rwanda');
INSERT INTO BLC_COUNTRY VALUES ('BL','Saint Barthélemy');
INSERT INTO BLC_COUNTRY VALUES ('SH','Saint Helena');
INSERT INTO BLC_COUNTRY VALUES ('KN','Saint Kitts and Nevis');
INSERT INTO BLC_COUNTRY VALUES ('LC','Saint Lucia');
INSERT INTO BLC_COUNTRY VALUES ('MF','Saint Martin');
INSERT INTO BLC_COUNTRY VALUES ('PM','Saint Pierre and Miquelon');
INSERT INTO BLC_COUNTRY VALUES ('VC','Saint Vincent and the Grenadines');
INSERT INTO BLC_COUNTRY VALUES ('WS','Samoa');
INSERT INTO BLC_COUNTRY VALUES ('SM','San Marino');
INSERT INTO BLC_COUNTRY VALUES ('ST','Sao Tome and Principe');
INSERT INTO BLC_COUNTRY VALUES ('SA','Saudi Arabia');
INSERT INTO BLC_COUNTRY VALUES ('SN','Senegal');
INSERT INTO BLC_COUNTRY VALUES ('RS','Serbia');
INSERT INTO BLC_COUNTRY VALUES ('SC','Seychelles');
INSERT INTO BLC_COUNTRY VALUES ('SL','Sierra Leone');
INSERT INTO BLC_COUNTRY VALUES ('SG','Singapore');
INSERT INTO BLC_COUNTRY VALUES ('SX','Sint Maarten (Dutch part)');
INSERT INTO BLC_COUNTRY VALUES ('SK','Slovakia (Slovak Republic)');
INSERT INTO BLC_COUNTRY VALUES ('SI','Slovenia');
INSERT INTO BLC_COUNTRY VALUES ('SB','Solomon Islands');
INSERT INTO BLC_COUNTRY VALUES ('SO','Somalia');
INSERT INTO BLC_COUNTRY VALUES ('ZA','South Africa');
INSERT INTO BLC_COUNTRY VALUES ('GS','South Georgia and the South Sandwich Islands');
INSERT INTO BLC_COUNTRY VALUES ('SS','South Sudan');
INSERT INTO BLC_COUNTRY VALUES ('ES','Spain');
INSERT INTO BLC_COUNTRY VALUES ('LK','Sri Lanka');
INSERT INTO BLC_COUNTRY VALUES ('SD','Sudan');
INSERT INTO BLC_COUNTRY VALUES ('SR','Suriname');
INSERT INTO BLC_COUNTRY VALUES ('SJ','Svalbard & Jan Mayen Islands');
INSERT INTO BLC_COUNTRY VALUES ('SZ','Swaziland');
INSERT INTO BLC_COUNTRY VALUES ('SE','Sweden');
INSERT INTO BLC_COUNTRY VALUES ('CH','Switzerland');
INSERT INTO BLC_COUNTRY VALUES ('SY','Syrian Arab Republic');
INSERT INTO BLC_COUNTRY VALUES ('TW','Taiwan');
INSERT INTO BLC_COUNTRY VALUES ('TJ','Tajikistan');
INSERT INTO BLC_COUNTRY VALUES ('TZ','Tanzania');
INSERT INTO BLC_COUNTRY VALUES ('TH','Thailand');
INSERT INTO BLC_COUNTRY VALUES ('TL','Timor-Leste');
INSERT INTO BLC_COUNTRY VALUES ('TG','Togo');
INSERT INTO BLC_COUNTRY VALUES ('TK','Tokelau');
INSERT INTO BLC_COUNTRY VALUES ('TO','Tonga');
INSERT INTO BLC_COUNTRY VALUES ('TT','Trinidad and Tobago');
INSERT INTO BLC_COUNTRY VALUES ('TN','Tunisia');
INSERT INTO BLC_COUNTRY VALUES ('TR','Turkey');
INSERT INTO BLC_COUNTRY VALUES ('TM','Turkmenistan');
INSERT INTO BLC_COUNTRY VALUES ('TC','Turks and Caicos Islands');
INSERT INTO BLC_COUNTRY VALUES ('TV','Tuvalu');
INSERT INTO BLC_COUNTRY VALUES ('UG','Uganda');
INSERT INTO BLC_COUNTRY VALUES ('UA','Ukraine');
INSERT INTO BLC_COUNTRY VALUES ('AE','United Arab Emirates');
INSERT INTO BLC_COUNTRY VALUES ('GB','United Kingdom of Great Britain & Northern Ireland');
INSERT INTO BLC_COUNTRY VALUES ('US','United States of America');
INSERT INTO BLC_COUNTRY VALUES ('UM','United States Minor Outlying Islands');
INSERT INTO BLC_COUNTRY VALUES ('VI','United States Virgin Islands');
INSERT INTO BLC_COUNTRY VALUES ('UY','Uruguay');
INSERT INTO BLC_COUNTRY VALUES ('UZ','Uzbekistan');
INSERT INTO BLC_COUNTRY VALUES ('VU','Vanuatu');
INSERT INTO BLC_COUNTRY VALUES ('VE','Venezuela');
INSERT INTO BLC_COUNTRY VALUES ('VN','Vietnam');
INSERT INTO BLC_COUNTRY VALUES ('WF','Wallis and Futuna');
INSERT INTO BLC_COUNTRY VALUES ('EH','Western Sahara');
INSERT INTO BLC_COUNTRY VALUES ('YE','Yemen');
INSERT INTO BLC_COUNTRY VALUES ('ZM','Zambia');
INSERT INTO BLC_COUNTRY VALUES ('ZW','Zimbabwe');

-- USA States
INSERT INTO BLC_STATE (NAME, ABBREVIATION, COUNTRY) VALUES ('ALABAMA','AL','US');
INSERT INTO BLC_STATE (NAME, ABBREVIATION, COUNTRY) VALUES ('ALASKA','AK','US');
INSERT INTO BLC_STATE (NAME, ABBREVIATION, COUNTRY) VALUES ('AMERICAN SAMOA','AS','US');
INSERT INTO BLC_STATE (NAME, ABBREVIATION, COUNTRY) VALUES ('ARIZONA','AZ','US');
INSERT INTO BLC_STATE (NAME, ABBREVIATION, COUNTRY) VALUES ('ARKANSAS','AR','US');
INSERT INTO BLC_STATE (NAME, ABBREVIATION, COUNTRY) VALUES ('CALIFORNIA','CA','US');
INSERT INTO BLC_STATE (NAME, ABBREVIATION, COUNTRY) VALUES ('COLORADO','CO','US');
INSERT INTO BLC_STATE (NAME, ABBREVIATION, COUNTRY) VALUES ('CONNECTICUT','CT','US');
INSERT INTO BLC_STATE (NAME, ABBREVIATION, COUNTRY) VALUES ('DELAWARE','DE','US');
INSERT INTO BLC_STATE (NAME, ABBREVIATION, COUNTRY) VALUES ('DISTRICT OF COLUMBIA','DC','US');
INSERT INTO BLC_STATE (NAME, ABBREVIATION, COUNTRY) VALUES ('FEDERATED STATES OF MICRONESIA','FM','US');
INSERT INTO BLC_STATE (NAME, ABBREVIATION, COUNTRY) VALUES ('FLORIDA','FL','US');
INSERT INTO BLC_STATE (NAME, ABBREVIATION, COUNTRY) VALUES ('GEORGIA','GA','US');
INSERT INTO BLC_STATE (NAME, ABBREVIATION, COUNTRY) VALUES ('GUAM','GU','US');
INSERT INTO BLC_STATE (NAME, ABBREVIATION, COUNTRY) VALUES ('HAWAII','HI','US');
INSERT INTO BLC_STATE (NAME, ABBREVIATION, COUNTRY) VALUES ('IDAHO','ID','US');
INSERT INTO BLC_STATE (NAME, ABBREVIATION, COUNTRY) VALUES ('ILLINOIS','IL','US');
INSERT INTO BLC_STATE (NAME, ABBREVIATION, COUNTRY) VALUES ('INDIANA','IN','US');
INSERT INTO BLC_STATE (NAME, ABBREVIATION, COUNTRY) VALUES ('IOWA','IA','US');
INSERT INTO BLC_STATE (NAME, ABBREVIATION, COUNTRY) VALUES ('KANSAS','KS','US');
INSERT INTO BLC_STATE (NAME, ABBREVIATION, COUNTRY) VALUES ('KENTUCKY','KY','US');
INSERT INTO BLC_STATE (NAME, ABBREVIATION, COUNTRY) VALUES ('LOUISIANA','LA','US');
INSERT INTO BLC_STATE (NAME, ABBREVIATION, COUNTRY) VALUES ('MAINE','ME','US');
INSERT INTO BLC_STATE (NAME, ABBREVIATION, COUNTRY) VALUES ('MARSHALL ISLANDS','MH','US');
INSERT INTO BLC_STATE (NAME, ABBREVIATION, COUNTRY) VALUES ('MARYLAND','MD','US');
INSERT INTO BLC_STATE (NAME, ABBREVIATION, COUNTRY) VALUES ('MASSACHUSETTS','MA','US');
INSERT INTO BLC_STATE (NAME, ABBREVIATION, COUNTRY) VALUES ('MICHIGAN','MI','US');
INSERT INTO BLC_STATE (NAME, ABBREVIATION, COUNTRY) VALUES ('MINNESOTA','MN','US');
INSERT INTO BLC_STATE (NAME, ABBREVIATION, COUNTRY) VALUES ('MISSISSIPPI','MS','US');
INSERT INTO BLC_STATE (NAME, ABBREVIATION, COUNTRY) VALUES ('MISSOURI','MO','US');
INSERT INTO BLC_STATE (NAME, ABBREVIATION, COUNTRY) VALUES ('MONTANA','MT','US');
INSERT INTO BLC_STATE (NAME, ABBREVIATION, COUNTRY) VALUES ('NEBRASKA','NE','US');
INSERT INTO BLC_STATE (NAME, ABBREVIATION, COUNTRY) VALUES ('NEVADA','NV','US');
INSERT INTO BLC_STATE (NAME, ABBREVIATION, COUNTRY) VALUES ('NEW HAMPSHIRE','NH','US');
INSERT INTO BLC_STATE (NAME, ABBREVIATION, COUNTRY) VALUES ('NEW JERSEY','NJ','US');
INSERT INTO BLC_STATE (NAME, ABBREVIATION, COUNTRY) VALUES ('NEW MEXICO','NM','US');
INSERT INTO BLC_STATE (NAME, ABBREVIATION, COUNTRY) VALUES ('NEW YORK','NY','US');
INSERT INTO BLC_STATE (NAME, ABBREVIATION, COUNTRY) VALUES ('NORTH CAROLINA','NC','US');
INSERT INTO BLC_STATE (NAME, ABBREVIATION, COUNTRY) VALUES ('NORTH DAKOTA','ND','US');
INSERT INTO BLC_STATE (NAME, ABBREVIATION, COUNTRY) VALUES ('NORTHERN MARIANA ISLANDS','MP','US');
INSERT INTO BLC_STATE (NAME, ABBREVIATION, COUNTRY) VALUES ('OHIO','OH','US');
INSERT INTO BLC_STATE (NAME, ABBREVIATION, COUNTRY) VALUES ('OKLAHOMA','OK','US');
INSERT INTO BLC_STATE (NAME, ABBREVIATION, COUNTRY) VALUES ('OREGON','OR','US');
INSERT INTO BLC_STATE (NAME, ABBREVIATION, COUNTRY) VALUES ('PALAU','PW','US');
INSERT INTO BLC_STATE (NAME, ABBREVIATION, COUNTRY) VALUES ('PENNSYLVANIA','PA','US');
INSERT INTO BLC_STATE (NAME, ABBREVIATION, COUNTRY) VALUES ('PUERTO RICO','PR','US');
INSERT INTO BLC_STATE (NAME, ABBREVIATION, COUNTRY) VALUES ('RHODE ISLAND','RI','US');
INSERT INTO BLC_STATE (NAME, ABBREVIATION, COUNTRY) VALUES ('SOUTH CAROLINA','SC','US');
INSERT INTO BLC_STATE (NAME, ABBREVIATION, COUNTRY) VALUES ('SOUTH DAKOTA','SD','US');
INSERT INTO BLC_STATE (NAME, ABBREVIATION, COUNTRY) VALUES ('TENNESSEE','TN','US');
INSERT INTO BLC_STATE (NAME, ABBREVIATION, COUNTRY) VALUES ('TEXAS','TX','US');
INSERT INTO BLC_STATE (NAME, ABBREVIATION, COUNTRY) VALUES ('UTAH','UT','US');
INSERT INTO BLC_STATE (NAME, ABBREVIATION, COUNTRY) VALUES ('VERMONT','VT','US');
INSERT INTO BLC_STATE (NAME, ABBREVIATION, COUNTRY) VALUES ('VIRGIN ISLANDS','VI','US');
INSERT INTO BLC_STATE (NAME, ABBREVIATION, COUNTRY) VALUES ('VIRGINIA','VA','US');
INSERT INTO BLC_STATE (NAME, ABBREVIATION, COUNTRY) VALUES ('WASHINGTON','WA','US');
INSERT INTO BLC_STATE (NAME, ABBREVIATION, COUNTRY) VALUES ('WEST VIRGINIA','WV','US');
INSERT INTO BLC_STATE (NAME, ABBREVIATION, COUNTRY) VALUES ('WISCONSIN','WI','US');
INSERT INTO BLC_STATE (NAME, ABBREVIATION, COUNTRY) VALUES ('WYOMING','WY','US');
INSERT INTO BLC_STATE (NAME, ABBREVIATION, COUNTRY) VALUES ('ARMED FORCES AMERICA','AA','US');
INSERT INTO BLC_STATE (NAME, ABBREVIATION, COUNTRY) VALUES ('ARMED FORCES','AE','US');
INSERT INTO BLC_STATE (NAME, ABBREVIATION, COUNTRY) VALUES ('ARMED FORCES PACIFIC','AP','US');

-- Canada Provinces
INSERT INTO BLC_STATE (NAME, ABBREVIATION, COUNTRY) VALUES ('ALBERTA','AB','CA');
INSERT INTO BLC_STATE (NAME, ABBREVIATION, COUNTRY) VALUES ('BRITISH COLUMBIA','BC','CA');
INSERT INTO BLC_STATE (NAME, ABBREVIATION, COUNTRY) VALUES ('MANITOBA','MB','CA');
INSERT INTO BLC_STATE (NAME, ABBREVIATION, COUNTRY) VALUES ('NEW BRUNSWICK','NB','CA');
INSERT INTO BLC_STATE (NAME, ABBREVIATION, COUNTRY) VALUES ('NEWFOUNDLAND','NL','CA');
INSERT INTO BLC_STATE (NAME, ABBREVIATION, COUNTRY) VALUES ('NORTHWEST TERRITORIES','NT','CA');
INSERT INTO BLC_STATE (NAME, ABBREVIATION, COUNTRY) VALUES ('NOVA SCOTIA','NS','CA');
INSERT INTO BLC_STATE (NAME, ABBREVIATION, COUNTRY) VALUES ('NUNAVUT','NU','CA');
INSERT INTO BLC_STATE (NAME, ABBREVIATION, COUNTRY) VALUES ('ONTARIO','ON','CA');
INSERT INTO BLC_STATE (NAME, ABBREVIATION, COUNTRY) VALUES ('PRINCE EDWARD ISLAND','PE','CA');
INSERT INTO BLC_STATE (NAME, ABBREVIATION, COUNTRY) VALUES ('QUEBEC','QC','CA');
INSERT INTO BLC_STATE (NAME, ABBREVIATION, COUNTRY) VALUES ('SASKATCHEWAN','SK','CA');
INSERT INTO BLC_STATE (NAME, ABBREVIATION, COUNTRY) VALUES ('YUKON','YT','CA');
